,eventname,loc_type,lat,lon,freeflowspeed,currentspeed,ratio,confidence,CST Time,dist_from_center
0,ignore this row,2,1.1,1.1,21,21,1,1,1,0.0
1,"Join us for an evening hosted by, Hal Sparks, Craig Gass, with all-star performances by artists like, Juliette Lewis, Phil Buckman, Todd Morse, Matt Starr, celebrating the music of...",C,34.046444,-118.2526466,47,46,0.98,0.96,Sat Mar 24 09:02:19 2018,0.0
2,"Join us for an evening hosted by, Hal Sparks, Craig Gass, with all-star performances by artists like, Juliette Lewis, Phil Buckman, Todd Morse, Matt Starr, celebrating the music of...",S,34.04320110244045,-118.25416782367205,47,46,0.98,0.96,Sat Mar 24 09:02:20 2018,386.87540042296706
3,"Join us for an evening hosted by, Hal Sparks, Craig Gass, with all-star performances by artists like, Juliette Lewis, Phil Buckman, Todd Morse, Matt Starr, celebrating the music of...",S,34.04560595213154,-118.25689387799191,47,46,0.98,0.96,Sat Mar 24 09:02:20 2018,402.26450190726547
4,"Join us for an evening hosted by, Hal Sparks, Craig Gass, with all-star performances by artists like, Juliette Lewis, Phil Buckman, Todd Morse, Matt Starr, celebrating the music of...",S,34.04959646855709,-118.25500461004043,47,47,1.0,0.96,Sat Mar 24 09:02:20 2018,412.40109227500204
5,"Join us for an evening hosted by, Hal Sparks, Craig Gass, with all-star performances by artists like, Juliette Lewis, Phil Buckman, Todd Morse, Matt Starr, celebrating the music of...",S,34.04870556547639,-118.25581503784059,47,46,0.98,0.96,Sat Mar 24 09:02:20 2018,385.2993853515301
6,"Join us for an evening hosted by, Hal Sparks, Craig Gass, with all-star performances by artists like, Juliette Lewis, Phil Buckman, Todd Morse, Matt Starr, celebrating the music of...",S,34.045610510456946,-118.25650792978651,47,46,0.98,0.96,Sat Mar 24 09:02:21 2018,367.63667993061887
7,"Join us for an evening hosted by, Hal Sparks, Craig Gass, with all-star performances by artists like, Juliette Lewis, Phil Buckman, Todd Morse, Matt Starr, celebrating the music of...",S,34.04669323952657,-118.25504270321379,47,47,1.0,0.96,Sat Mar 24 09:02:21 2018,222.49585305934662
8,"Join us for an evening hosted by, Hal Sparks, Craig Gass, with all-star performances by artists like, Juliette Lewis, Phil Buckman, Todd Morse, Matt Starr, celebrating the music of...",S,34.044172294032,-118.25607741167408,47,46,0.98,0.96,Sat Mar 24 09:02:21 2018,404.63186262920203
9,"Join us for an evening hosted by, Hal Sparks, Craig Gass, with all-star performances by artists like, Juliette Lewis, Phil Buckman, Todd Morse, Matt Starr, celebrating the music of...",S,34.045994242356805,-118.25358932553259,47,47,1.0,0.96,Sat Mar 24 09:02:21 2018,100.2263629006407
10,"Join us for an evening hosted by, Hal Sparks, Craig Gass, with all-star performances by artists like, Juliette Lewis, Phil Buckman, Todd Morse, Matt Starr, celebrating the music of...",S,34.04298599306514,-118.25501142230873,47,46,0.98,0.96,Sat Mar 24 09:02:22 2018,441.95512091014956
11,"Join us for an evening hosted by, Hal Sparks, Craig Gass, with all-star performances by artists like, Juliette Lewis, Phil Buckman, Todd Morse, Matt Starr, celebrating the music of...",S,34.04991834607959,-118.25698406849497,47,46,0.98,0.96,Sat Mar 24 09:02:22 2018,555.8309383915667
12,"Join us for an evening hosted by, Hal Sparks, Craig Gass, with all-star performances by artists like, Juliette Lewis, Phil Buckman, Todd Morse, Matt Starr, celebrating the music of...",S,34.04207222043921,-118.25240890636917,47,46,0.98,0.96,Sat Mar 24 09:02:22 2018,486.6127758995205
13,"Join us for an evening hosted by, Hal Sparks, Craig Gass, with all-star performances by artists like, Juliette Lewis, Phil Buckman, Todd Morse, Matt Starr, celebrating the music of...",S,34.04508628359855,-118.24862858896478,47,47,1.0,0.96,Sat Mar 24 09:02:22 2018,399.80014308093075
14,"Join us for an evening hosted by, Hal Sparks, Craig Gass, with all-star performances by artists like, Juliette Lewis, Phil Buckman, Todd Morse, Matt Starr, celebrating the music of...",S,34.05032816640174,-118.25273705453819,47,46,0.98,0.96,Sat Mar 24 09:02:22 2018,431.97999341715433
15,"Join us for an evening hosted by, Hal Sparks, Craig Gass, with all-star performances by artists like, Juliette Lewis, Phil Buckman, Todd Morse, Matt Starr, celebrating the music of...",S,34.04241021395678,-118.24910265145027,47,46,0.98,0.96,Sat Mar 24 09:02:23 2018,554.8017599895197
16,"Join us for an evening hosted by, Hal Sparks, Craig Gass, with all-star performances by artists like, Juliette Lewis, Phil Buckman, Todd Morse, Matt Starr, celebrating the music of...",S,34.04223525159669,-118.24830040012682,47,46,0.98,0.96,Sat Mar 24 09:02:24 2018,615.9314614746653
17,"Join us for an evening hosted by, Hal Sparks, Craig Gass, with all-star performances by artists like, Juliette Lewis, Phil Buckman, Todd Morse, Matt Starr, celebrating the music of...",S,34.04999168583388,-118.25537991288581,47,47,1.0,0.96,Sat Mar 24 09:02:24 2018,468.0115838660971
18,"Join us for an evening hosted by, Hal Sparks, Craig Gass, with all-star performances by artists like, Juliette Lewis, Phil Buckman, Todd Morse, Matt Starr, celebrating the music of...",S,34.050448810246074,-118.25112024130101,47,47,1.0,0.96,Sat Mar 24 09:02:25 2018,466.9913847385266
19,"Join us for an evening hosted by, Hal Sparks, Craig Gass, with all-star performances by artists like, Juliette Lewis, Phil Buckman, Todd Morse, Matt Starr, celebrating the music of...",S,34.046570766474694,-118.25083659781697,47,46,0.98,0.96,Sat Mar 24 09:02:25 2018,167.35789862226486
20,"Join us for an evening hosted by, Hal Sparks, Craig Gass, with all-star performances by artists like, Juliette Lewis, Phil Buckman, Todd Morse, Matt Starr, celebrating the music of...",S,34.04283503401418,-118.24774083733783,47,46,0.98,0.96,Sat Mar 24 09:02:26 2018,604.4365849214065
21,"Join us for an evening hosted by, Hal Sparks, Craig Gass, with all-star performances by artists like, Juliette Lewis, Phil Buckman, Todd Morse, Matt Starr, celebrating the music of...",S,34.04438912498824,-118.2504723582606,47,47,1.0,0.96,Sat Mar 24 09:02:26 2018,303.8724283416833
22,"Join us for an evening hosted by, Hal Sparks, Craig Gass, with all-star performances by artists like, Juliette Lewis, Phil Buckman, Todd Morse, Matt Starr, celebrating the music of...",S,34.05038227742063,-118.24789201792092,59,58,0.98,0.96,Sat Mar 24 09:02:26 2018,619.4019113026243
23,"Join us for an evening hosted by, Hal Sparks, Craig Gass, with all-star performances by artists like, Juliette Lewis, Phil Buckman, Todd Morse, Matt Starr, celebrating the music of...",S,34.04578917331748,-118.25304790091988,47,46,0.98,0.96,Sat Mar 24 09:02:27 2018,81.66302237757876
24,"Join us for an evening hosted by, Hal Sparks, Craig Gass, with all-star performances by artists like, Juliette Lewis, Phil Buckman, Todd Morse, Matt Starr, celebrating the music of...",S,34.04686032433305,-118.25624279007383,47,46,0.98,0.96,Sat Mar 24 09:02:27 2018,334.5501548064981
25,"Join us for an evening hosted by, Hal Sparks, Craig Gass, with all-star performances by artists like, Juliette Lewis, Phil Buckman, Todd Morse, Matt Starr, celebrating the music of...",S,34.04835354642356,-118.24943539906405,47,47,1.0,0.96,Sat Mar 24 09:02:27 2018,364.1663127407581
26,"Join us for an evening hosted by, Hal Sparks, Craig Gass, with all-star performances by artists like, Juliette Lewis, Phil Buckman, Todd Morse, Matt Starr, celebrating the music of...",S,34.04882040620056,-118.25166750561682,47,47,1.0,0.96,Sat Mar 24 09:02:27 2018,279.2173899164887
27,"Join us for an evening hosted by, Hal Sparks, Craig Gass, with all-star performances by artists like, Juliette Lewis, Phil Buckman, Todd Morse, Matt Starr, celebrating the music of...",S,34.04460957543356,-118.25749721689725,47,47,1.0,0.96,Sat Mar 24 09:02:28 2018,491.26238893246017
28,"Join us for an evening hosted by, Hal Sparks, Craig Gass, with all-star performances by artists like, Juliette Lewis, Phil Buckman, Todd Morse, Matt Starr, celebrating the music of...",S,34.049333498815784,-118.25544626451874,47,46,0.98,0.96,Sat Mar 24 09:02:28 2018,412.02625287435865
29,"Join us for an evening hosted by, Hal Sparks, Craig Gass, with all-star performances by artists like, Juliette Lewis, Phil Buckman, Todd Morse, Matt Starr, celebrating the music of...",S,34.04410249691295,-118.25384870451164,47,46,0.98,0.96,Sat Mar 24 09:02:28 2018,282.94179822083703
30,"Join us for an evening hosted by, Hal Sparks, Craig Gass, with all-star performances by artists like, Juliette Lewis, Phil Buckman, Todd Morse, Matt Starr, celebrating the music of...",S,34.04675299876245,-118.2552568564696,47,47,1.0,0.96,Sat Mar 24 09:02:28 2018,242.93584170048234
31,"Join us for an evening hosted by, Hal Sparks, Craig Gass, with all-star performances by artists like, Juliette Lewis, Phil Buckman, Todd Morse, Matt Starr, celebrating the music of...",S,34.04462516890296,-118.25796390791886,47,46,0.98,0.96,Sat Mar 24 09:02:29 2018,530.0156882577842
32,"Join us for an evening hosted by, Hal Sparks, Craig Gass, with all-star performances by artists like, Juliette Lewis, Phil Buckman, Todd Morse, Matt Starr, celebrating the music of...",S,34.0505904919021,-118.25128301926952,47,46,0.98,0.96,Sat Mar 24 09:02:29 2018,477.8778892534292
33,"Join us for an evening hosted by, Hal Sparks, Craig Gass, with all-star performances by artists like, Juliette Lewis, Phil Buckman, Todd Morse, Matt Starr, celebrating the music of...",S,34.04997398672751,-118.25656194261887,47,46,0.98,0.96,Sat Mar 24 09:02:29 2018,533.0998246000762
34,"Join us for an evening hosted by, Hal Sparks, Craig Gass, with all-star performances by artists like, Juliette Lewis, Phil Buckman, Todd Morse, Matt Starr, celebrating the music of...",S,34.04314814034684,-118.25191469896808,47,46,0.98,0.96,Sat Mar 24 09:02:29 2018,372.63535976313835
35,"Join us for an evening hosted by, Hal Sparks, Craig Gass, with all-star performances by artists like, Juliette Lewis, Phil Buckman, Todd Morse, Matt Starr, celebrating the music of...",S,34.04685512404305,-118.25087942908546,47,46,0.98,0.96,Sat Mar 24 09:02:30 2018,169.11280327969914
36,"Join us for an evening hosted by, Hal Sparks, Craig Gass, with all-star performances by artists like, Juliette Lewis, Phil Buckman, Todd Morse, Matt Starr, celebrating the music of...",S,34.04442079917778,-118.25238638417963,47,47,1.0,0.96,Sat Mar 24 09:02:30 2018,226.24357765792456
37,"Join us for an evening hosted by, Hal Sparks, Craig Gass, with all-star performances by artists like, Juliette Lewis, Phil Buckman, Todd Morse, Matt Starr, celebrating the music of...",S,34.048026498141624,-118.25302301691104,47,46,0.98,0.96,Sat Mar 24 09:02:30 2018,179.3507579247161
38,"Join us for an evening hosted by, Hal Sparks, Craig Gass, with all-star performances by artists like, Juliette Lewis, Phil Buckman, Todd Morse, Matt Starr, celebrating the music of...",S,34.04839696069743,-118.25393682469212,47,46,0.98,0.96,Sat Mar 24 09:02:30 2018,247.56589660314293
39,"Join us for an evening hosted by, Hal Sparks, Craig Gass, with all-star performances by artists like, Juliette Lewis, Phil Buckman, Todd Morse, Matt Starr, celebrating the music of...",S,34.04604247588913,-118.24904335140758,47,46,0.98,0.96,Sat Mar 24 09:02:30 2018,334.9725069466142
40,"Join us for an evening hosted by, Hal Sparks, Craig Gass, with all-star performances by artists like, Juliette Lewis, Phil Buckman, Todd Morse, Matt Starr, celebrating the music of...",S,34.05038203225217,-118.25136417147374,47,46,0.98,0.96,Sat Mar 24 09:02:31 2018,453.54942414507013
41,"Join us for an evening hosted by, Hal Sparks, Craig Gass, with all-star performances by artists like, Juliette Lewis, Phil Buckman, Todd Morse, Matt Starr, celebrating the music of...",S,34.05042464095876,-118.25794129938814,47,47,1.0,0.96,Sat Mar 24 09:02:31 2018,658.6952653771058
42,"Join us for an evening hosted by, Hal Sparks, Craig Gass, with all-star performances by artists like, Juliette Lewis, Phil Buckman, Todd Morse, Matt Starr, celebrating the music of...",S,34.04663729450394,-118.25780563153647,47,46,0.98,0.96,Sat Mar 24 09:02:31 2018,475.80911903340166
43,"Join us for an evening hosted by, Hal Sparks, Craig Gass, with all-star performances by artists like, Juliette Lewis, Phil Buckman, Todd Morse, Matt Starr, celebrating the music of...",S,34.04562192675286,-118.25041943971286,47,46,0.98,0.96,Sat Mar 24 09:02:31 2018,224.63850917015623
44,"Join us for an evening hosted by, Hal Sparks, Craig Gass, with all-star performances by artists like, Juliette Lewis, Phil Buckman, Todd Morse, Matt Starr, celebrating the music of...",S,34.05033011433914,-118.25466843545009,47,47,1.0,0.96,Sat Mar 24 09:02:32 2018,470.5563022686323
45,"Join us for an evening hosted by, Hal Sparks, Craig Gass, with all-star performances by artists like, Juliette Lewis, Phil Buckman, Todd Morse, Matt Starr, celebrating the music of...",S,34.04254413245069,-118.25132260278791,47,47,1.0,0.96,Sat Mar 24 09:02:32 2018,450.47705881913
46,"Join us for an evening hosted by, Hal Sparks, Craig Gass, with all-star performances by artists like, Juliette Lewis, Phil Buckman, Todd Morse, Matt Starr, celebrating the music of...",S,34.04862614746807,-118.25596219243623,47,47,1.0,0.96,Sat Mar 24 09:02:32 2018,390.1173634659621
47,"Join us for an evening hosted by, Hal Sparks, Craig Gass, with all-star performances by artists like, Juliette Lewis, Phil Buckman, Todd Morse, Matt Starr, celebrating the music of...",S,34.04568597859175,-118.24980067033417,47,46,0.98,0.96,Sat Mar 24 09:02:32 2018,275.42342004556326
48,"Join us for an evening hosted by, Hal Sparks, Craig Gass, with all-star performances by artists like, Juliette Lewis, Phil Buckman, Todd Morse, Matt Starr, celebrating the music of...",S,34.04941241784921,-118.25511943016983,47,46,0.98,0.96,Sat Mar 24 09:02:33 2018,401.06614539396986
49,"Join us for an evening hosted by, Hal Sparks, Craig Gass, with all-star performances by artists like, Juliette Lewis, Phil Buckman, Todd Morse, Matt Starr, celebrating the music of...",S,34.05013330867183,-118.25658718449293,47,46,0.98,0.96,Sat Mar 24 09:02:33 2018,547.8136015728243
50,"Join us for an evening hosted by, Hal Sparks, Craig Gass, with all-star performances by artists like, Juliette Lewis, Phil Buckman, Todd Morse, Matt Starr, celebrating the music of...",S,34.043661842392105,-118.25481037389284,47,46,0.98,0.96,Sat Mar 24 09:02:34 2018,368.0347775586344
51,"Join us for an evening hosted by, Hal Sparks, Craig Gass, with all-star performances by artists like, Juliette Lewis, Phil Buckman, Todd Morse, Matt Starr, celebrating the music of...",S,34.04859576615846,-118.25597140600239,47,47,1.0,0.96,Sat Mar 24 09:02:34 2018,388.6938701789381
