,eventname,loc_type,lat,lon,freeflowspeed,currentspeed,ratio,confidence,CST Time,dist_from_center
0,ignore this row,2,1.1,1.1,21,21,1,1,1,0.0
1,Khullam Khulla- Rishi Kapoor,C,33.7652636,-118.1893385,56,56,1.0,0.97,Sat Mar 31 21:11:15 2018,0.0
2,"0    Khullam Khulla- Rishi Kapoor
Name: title, dtype: object",S,33.765973336519956,-118.18789455896639,56,56,1.0,0.97,Sat Mar 31 21:11:15 2018,155.06109811181605
3,"0    Khullam Khulla- Rishi Kapoor
Name: title, dtype: object",S,33.7682013854098,-118.18950835678339,56,56,1.0,0.97,Sat Mar 31 21:11:15 2018,327.0439477076907
4,"0    Khullam Khulla- Rishi Kapoor
Name: title, dtype: object",S,33.766573628784094,-118.19059141513098,56,56,1.0,0.97,Sat Mar 31 21:11:16 2018,186.09918955077225
5,"0    Khullam Khulla- Rishi Kapoor
Name: title, dtype: object",S,33.76378727772955,-118.18882971215456,56,56,1.0,0.97,Sat Mar 31 21:11:16 2018,170.76409583210716
6,"0    Khullam Khulla- Rishi Kapoor
Name: title, dtype: object",S,33.76343521364522,-118.18631869828508,56,56,1.0,0.97,Sat Mar 31 21:11:16 2018,345.33806546280755
7,"0    Khullam Khulla- Rishi Kapoor
Name: title, dtype: object",S,33.768471063663206,-118.19091629888102,56,56,1.0,0.97,Sat Mar 31 21:11:17 2018,385.3222077996161
8,"0    Khullam Khulla- Rishi Kapoor
Name: title, dtype: object",S,33.76632079760572,-118.18773841087815,56,56,1.0,0.97,Sat Mar 31 21:11:18 2018,188.9347647825576
9,"0    Khullam Khulla- Rishi Kapoor
Name: title, dtype: object",S,33.76220109443842,-118.19440494495001,56,56,1.0,0.97,Sat Mar 31 21:11:18 2018,579.0599266425489
10,"0    Khullam Khulla- Rishi Kapoor
Name: title, dtype: object",S,33.766258093555244,-118.19258131490439,56,56,1.0,0.97,Sat Mar 31 21:11:18 2018,319.5067635695194
11,"0    Khullam Khulla- Rishi Kapoor
Name: title, dtype: object",S,33.76375831085185,-118.19335058959122,56,56,1.0,0.97,Sat Mar 31 21:11:19 2018,406.8968852248584
12,"0    Khullam Khulla- Rishi Kapoor
Name: title, dtype: object",S,33.765653639712134,-118.19398269331147,56,56,1.0,0.97,Sat Mar 31 21:11:19 2018,431.4876061511654
13,"0    Khullam Khulla- Rishi Kapoor
Name: title, dtype: object",S,33.76244025561051,-118.18563267803131,56,56,1.0,0.97,Sat Mar 31 21:11:19 2018,464.6628586562476
14,"0    Khullam Khulla- Rishi Kapoor
Name: title, dtype: object",S,33.76804959353904,-118.18514593882293,56,56,1.0,0.97,Sat Mar 31 21:11:19 2018,496.14804026150387
15,"0    Khullam Khulla- Rishi Kapoor
Name: title, dtype: object",S,33.76825423434733,-118.19300592936271,56,56,1.0,0.97,Sat Mar 31 21:11:20 2018,474.87955694047224
16,"0    Khullam Khulla- Rishi Kapoor
Name: title, dtype: object",S,33.76826380010039,-118.1946306280206,56,56,1.0,0.97,Sat Mar 31 21:11:20 2018,592.1145324194273
17,"0    Khullam Khulla- Rishi Kapoor
Name: title, dtype: object",S,33.765466408388036,-118.19058718935953,56,56,1.0,0.97,Sat Mar 31 21:11:21 2018,117.6094530281296
18,"0    Khullam Khulla- Rishi Kapoor
Name: title, dtype: object",S,33.76725465426515,-118.1860018885665,56,56,1.0,0.97,Sat Mar 31 21:11:21 2018,379.6630007063423
19,"0    Khullam Khulla- Rishi Kapoor
Name: title, dtype: object",S,33.760990055615316,-118.19209037388244,56,56,1.0,0.97,Sat Mar 31 21:11:22 2018,539.002744996788
20,"0    Khullam Khulla- Rishi Kapoor
Name: title, dtype: object",S,33.761555831211744,-118.1870620149738,56,56,1.0,0.97,Sat Mar 31 21:11:23 2018,462.88655664508804
21,"0    Khullam Khulla- Rishi Kapoor
Name: title, dtype: object",S,33.763177861839324,-118.1933948615985,56,56,1.0,0.97,Sat Mar 31 21:11:23 2018,440.89755732812796
22,"0    Khullam Khulla- Rishi Kapoor
Name: title, dtype: object",S,33.76441616300896,-118.19039928069124,56,56,1.0,0.97,Sat Mar 31 21:11:23 2018,135.99536627498128
23,"0    Khullam Khulla- Rishi Kapoor
Name: title, dtype: object",S,33.76563803305621,-118.18709473721711,56,56,1.0,0.97,Sat Mar 31 21:11:23 2018,211.54775028853132
24,"0    Khullam Khulla- Rishi Kapoor
Name: title, dtype: object",S,33.76886243283773,-118.184529532132,56,56,1.0,0.97,Sat Mar 31 21:11:24 2018,598.1142085080587
25,"0    Khullam Khulla- Rishi Kapoor
Name: title, dtype: object",S,33.7643936021725,-118.1903189727163,56,56,1.0,0.97,Sat Mar 31 21:11:24 2018,132.56336339649658
26,"0    Khullam Khulla- Rishi Kapoor
Name: title, dtype: object",S,33.763228770119966,-118.18641709706598,56,56,1.0,0.97,Sat Mar 31 21:11:24 2018,352.3123739410595
27,"0    Khullam Khulla- Rishi Kapoor
Name: title, dtype: object",S,33.7668204932625,-118.19048520227071,56,56,1.0,0.97,Sat Mar 31 21:11:25 2018,202.99210898778531
28,"0    Khullam Khulla- Rishi Kapoor
Name: title, dtype: object",S,33.76924446863968,-118.1921699379864,56,56,1.0,0.97,Sat Mar 31 21:11:25 2018,514.2401622805792
29,"0    Khullam Khulla- Rishi Kapoor
Name: title, dtype: object",S,33.76190874403621,-118.18868090396722,56,56,1.0,0.97,Sat Mar 31 21:11:26 2018,377.96335623742203
30,"0    Khullam Khulla- Rishi Kapoor
Name: title, dtype: object",S,33.76802206638402,-118.19077633252239,56,56,1.0,0.97,Sat Mar 31 21:11:26 2018,334.28523543654075
31,"0    Khullam Khulla- Rishi Kapoor
Name: title, dtype: object",S,33.765537523437615,-118.19056046522599,56,56,1.0,0.97,Sat Mar 31 21:11:26 2018,116.99132972814735
32,"0    Khullam Khulla- Rishi Kapoor
Name: title, dtype: object",S,33.763932048022646,-118.18591630515776,56,56,1.0,0.97,Sat Mar 31 21:11:26 2018,349.28068453150485
33,"0    Khullam Khulla- Rishi Kapoor
Name: title, dtype: object",S,33.76447461862495,-118.19155354250299,56,56,1.0,0.97,Sat Mar 31 21:11:27 2018,222.759916331437
34,"0    Khullam Khulla- Rishi Kapoor
Name: title, dtype: object",S,33.76344809214513,-118.19206632676661,56,56,1.0,0.97,Sat Mar 31 21:11:27 2018,323.01402150295473
35,"0    Khullam Khulla- Rishi Kapoor
Name: title, dtype: object",S,33.76709576690697,-118.19302954599154,56,56,1.0,0.97,Sat Mar 31 21:11:27 2018,397.3876480079422
36,"0    Khullam Khulla- Rishi Kapoor
Name: title, dtype: object",S,33.768232520854774,-118.19119106255579,56,56,1.0,0.97,Sat Mar 31 21:11:28 2018,371.9007467537526
37,"0    Khullam Khulla- Rishi Kapoor
Name: title, dtype: object",S,33.76143334593131,-118.19104982977282,56,56,1.0,0.97,Sat Mar 31 21:11:28 2018,454.3359040911167
38,"0    Khullam Khulla- Rishi Kapoor
Name: title, dtype: object",S,33.76632502591225,-118.18805664446376,56,56,1.0,0.97,Sat Mar 31 21:11:28 2018,167.24349387748376
39,"0    Khullam Khulla- Rishi Kapoor
Name: title, dtype: object",S,33.76403501641235,-118.19382474510932,56,56,1.0,0.97,Sat Mar 31 21:11:28 2018,436.6277965538747
40,"0    Khullam Khulla- Rishi Kapoor
Name: title, dtype: object",S,33.76693328115408,-118.18872598663087,56,56,1.0,0.97,Sat Mar 31 21:11:29 2018,194.10157362136675
41,"0    Khullam Khulla- Rishi Kapoor
Name: title, dtype: object",S,33.761685400916726,-118.18543977055816,56,56,1.0,0.97,Sat Mar 31 21:11:29 2018,536.8384993836886
42,"0    Khullam Khulla- Rishi Kapoor
Name: title, dtype: object",S,33.76078301262671,-118.18843924362163,56,56,1.0,0.97,Sat Mar 31 21:11:30 2018,505.10600095952685
43,"0    Khullam Khulla- Rishi Kapoor
Name: title, dtype: object",S,33.76292336462528,-118.18631766161978,56,56,1.0,0.97,Sat Mar 31 21:11:30 2018,381.69902895070487
44,"0    Khullam Khulla- Rishi Kapoor
Name: title, dtype: object",S,33.76648623852951,-118.19427043140173,56,56,1.0,0.97,Sat Mar 31 21:11:30 2018,475.737293972093
45,"0    Khullam Khulla- Rishi Kapoor
Name: title, dtype: object",S,33.7617498198399,-118.18477177320351,56,56,1.0,0.97,Sat Mar 31 21:11:31 2018,575.212501146872
46,"0    Khullam Khulla- Rishi Kapoor
Name: title, dtype: object",S,33.76139871233694,-118.18423911115136,56,56,1.0,0.97,Sat Mar 31 21:11:32 2018,637.8873616672192
47,"0    Khullam Khulla- Rishi Kapoor
Name: title, dtype: object",S,33.76796410861694,-118.1868748834231,56,56,1.0,0.97,Sat Mar 31 21:11:32 2018,376.86968649631444
48,"0    Khullam Khulla- Rishi Kapoor
Name: title, dtype: object",S,33.76769416444408,-118.18491452576892,56,56,1.0,0.97,Sat Mar 31 21:11:33 2018,490.18010420644134
49,"0    Khullam Khulla- Rishi Kapoor
Name: title, dtype: object",S,33.76170882404472,-118.184846194929,56,56,1.0,0.97,Sat Mar 31 21:11:33 2018,573.3160746507456
50,"0    Khullam Khulla- Rishi Kapoor
Name: title, dtype: object",S,33.76499088157295,-118.18694478980774,56,56,1.0,0.97,Sat Mar 31 21:11:34 2018,223.3402302441013
51,"0    Khullam Khulla- Rishi Kapoor
Name: title, dtype: object",S,33.7665489808644,-118.19031960956555,56,56,1.0,0.97,Sat Mar 31 21:11:34 2018,169.2730847070703
